old_url,source_path
/,index.html
/_downloads.html,_downloads.html
/about-us/,about-us/index.html
/blog/,blog/index.html
/blog/2020/03/,blog/2020/03/index.html
/blog/2020/04/,blog/2020/04/index.html
/blog/2021/04/,blog/2021/04/index.html
/blog/2024/02/,blog/2024/02/index.html
/blog/2025/01/,blog/2025/01/index.html
/blog/2025/02/,blog/2025/02/index.html
/blog/2025/03/,blog/2025/03/index.html
/blog/2025/04/,blog/2025/04/index.html
/blog/2025/05/,blog/2025/05/index.html
/blog/2025/07/,blog/2025/07/index.html
/blog/2025/08/,blog/2025/08/index.html
/blog/2025/09/,blog/2025/09/index.html
/blog/2025/10/,blog/2025/10/index.html
/blog/2025/11/,blog/2025/11/index.html
/blog/2025/12/,blog/2025/12/index.html
/blog/78-year-old-man-with-history-of-multiple-prior-falls/,blog/78-year-old-man-with-history-of-multiple-prior-falls/index.html
/blog/author/dclogin/,blog/author/dclogin/index.html
/blog/author/neuro/,blog/author/neuro/index.html
/blog/author/neuro/page/2/,blog/author/neuro/page/2/index.html
/blog/author/neuro/page/3/,blog/author/neuro/page/3/index.html
/blog/category/blog/,blog/category/blog/index.html
/blog/category/blog/page/2/,blog/category/blog/page/2/index.html
/blog/category/blog/page/3/,blog/category/blog/page/3/index.html
/blog/diffusion-tensor-imaging-dti-in-mild-traumatic-brain-injury-mtbi/,blog/diffusion-tensor-imaging-dti-in-mild-traumatic-brain-injury-mtbi/index.html
/blog/does-nutrition-promote-neurological-recovery-after-acute-brain-injury/,blog/does-nutrition-promote-neurological-recovery-after-acute-brain-injury/index.html
/blog/drive-more-roi-with-radiology-business-consulting/,blog/drive-more-roi-with-radiology-business-consulting/index.html
/blog/how-california-neuroradiologists-support-accident-victims/,blog/how-california-neuroradiologists-support-accident-victims/index.html
/blog/how-expert-neuroradiology-saved-a-family-from-misjudgement/,blog/how-expert-neuroradiology-saved-a-family-from-misjudgement/index.html
/blog/how-neuro-experts-are-revolutionizing-forensic-tbi-analysis/,blog/how-neuro-experts-are-revolutionizing-forensic-tbi-analysis/index.html
/blog/how-neuroradiologists-validate-neurological-claims-in-court/,blog/how-neuroradiologists-validate-neurological-claims-in-court/index.html
/blog/how-neuroradiology-is-reshaping-our-understanding-of-brain/,blog/how-neuroradiology-is-reshaping-our-understanding-of-brain/index.html
/blog/neurological-conditions-benefitting-from-neuroradiology-insights/,blog/neurological-conditions-benefitting-from-neuroradiology-insights/index.html
/blog/neuroradiology-case-vertebral-artery-dissection/,blog/neuroradiology-case-vertebral-artery-dissection/index.html
/blog/neuroradiology-consulting-for-brain-spine-treatment/,blog/neuroradiology-consulting-for-brain-spine-treatment/index.html
/blog/team-member/saman-hazany/,blog/team-member/saman-hazany/index.html
/blog/the-growing-demand-for-neuroradiology-expert-witnesses-in-courtrooms/,blog/the-growing-demand-for-neuroradiology-expert-witnesses-in-courtrooms/index.html
/blog/the-role-of-imaging-in-breakthrough-neurological-research/,blog/the-role-of-imaging-in-breakthrough-neurological-research/index.html
/blog/the-role-of-neuroradiology-in-epilepsy-evaluation/,blog/the-role-of-neuroradiology-in-epilepsy-evaluation/index.html
/blog/understanding-brain-injury-through-expert-witness-testimony/,blog/understanding-brain-injury-through-expert-witness-testimony/index.html
/blog/understanding-the-rise-of-forensic-neurology-in-criminal-justice/,blog/understanding-the-rise-of-forensic-neurology-in-criminal-justice/index.html
/blog/what-does-a-neuroradiology-expert-do/,blog/what-does-a-neuroradiology-expert-do/index.html
/blog/when-do-attorneys-hire-a-neuroradiologist-expert-witness-for-a-case/,blog/when-do-attorneys-hire-a-neuroradiologist-expert-witness-for-a-case/index.html
/blog/why-do-i-need-a-neuroradiologist-to-interpret-my-brain-mri-what-is-inflammatory-cerebral-amyloid-angiopathy/,blog/why-do-i-need-a-neuroradiologist-to-interpret-my-brain-mri-what-is-inflammatory-cerebral-amyloid-angiopathy/index.html
/blog/why-do-i-need-a-neuroradiologist-to-interpret-my-spine-mri-images-what-is-piriformis-syndrome/,blog/why-do-i-need-a-neuroradiologist-to-interpret-my-spine-mri-images-what-is-piriformis-syndrome/index.html
/blog/why-legal-teams-rely-on-neuroradiology-expert-witnesses-in-trauma-cases/,blog/why-legal-teams-rely-on-neuroradiology-expert-witnesses-in-trauma-cases/index.html
/blog/why-neurologists-and-neurosurgeons-rely-on-clinical-neuroradiology-consultants/,blog/why-neurologists-and-neurosurgeons-rely-on-clinical-neuroradiology-consultants/index.html
/blog/why-only-neuroradiologists-should-interpret-neuro-imaging/,blog/why-only-neuroradiologists-should-interpret-neuro-imaging/index.html
/blog/winning-personal-injury-cases-with-neuroradiology-expertise/,blog/winning-personal-injury-cases-with-neuroradiology-expertise/index.html
/contact-us/,contact-us/index.html
/frequently-asked-questions/,frequently-asked-questions/index.html
/our-services/,our-services/index.html
/our-services/clinical-neuroradiology-consulting/,our-services/clinical-neuroradiology-consulting/index.html
/our-services/forensic-neurology-services/,our-services/forensic-neurology-services/index.html
/our-services/forensic-neuropsychological-services/,our-services/forensic-neuropsychological-services/index.html
/our-services/forensic-neuroradiology/,our-services/forensic-neuroradiology/index.html
/our-services/radiology-business-consulting/,our-services/radiology-business-consulting/index.html
/our-services/research-clinical-trial-consulting/,our-services/research-clinical-trial-consulting/index.html
