old_url,new_url,notes
/,/,preserve
/_downloads.html,/_downloads.html,preserve
/about-us/,/about-us/,preserve
/blog/,/blog/,preserve
/blog/2020/03/,/blog/,redirect
/blog/2020/04/,/blog/,redirect
/blog/2021/04/,/blog/,redirect
/blog/2024/02/,/blog/,redirect
/blog/2025/01/,/blog/,redirect
/blog/2025/02/,/blog/,redirect
/blog/2025/03/,/blog/,redirect
/blog/2025/04/,/blog/,redirect
/blog/2025/05/,/blog/,redirect
/blog/2025/07/,/blog/,redirect
/blog/2025/08/,/blog/,redirect
/blog/2025/09/,/blog/,redirect
/blog/2025/10/,/blog/,redirect
/blog/2025/11/,/blog/,redirect
/blog/2025/12/,/blog/,redirect
/blog/78-year-old-man-with-history-of-multiple-prior-falls/,/blog/78-year-old-man-with-history-of-multiple-prior-falls/,preserve
/blog/author/dclogin/,/blog/,redirect
/blog/author/neuro/,/blog/,redirect
/blog/author/neuro/page/2/,/blog/,redirect
/blog/author/neuro/page/3/,/blog/,redirect
/blog/category/blog/,/blog/,redirect
/blog/category/blog/page/2/,/blog/,redirect
/blog/category/blog/page/3/,/blog/,redirect
/blog/diffusion-tensor-imaging-dti-in-mild-traumatic-brain-injury-mtbi/,/blog/diffusion-tensor-imaging-dti-in-mild-traumatic-brain-injury-mtbi/,preserve
/blog/does-nutrition-promote-neurological-recovery-after-acute-brain-injury/,/blog/does-nutrition-promote-neurological-recovery-after-acute-brain-injury/,preserve
/blog/drive-more-roi-with-radiology-business-consulting/,/blog/drive-more-roi-with-radiology-business-consulting/,preserve
/blog/how-california-neuroradiologists-support-accident-victims/,/blog/how-california-neuroradiologists-support-accident-victims/,preserve
/blog/how-expert-neuroradiology-saved-a-family-from-misjudgement/,/blog/how-expert-neuroradiology-saved-a-family-from-misjudgement/,preserve
/blog/how-neuro-experts-are-revolutionizing-forensic-tbi-analysis/,/blog/how-neuro-experts-are-revolutionizing-forensic-tbi-analysis/,preserve
/blog/how-neuroradiologists-validate-neurological-claims-in-court/,/blog/how-neuroradiologists-validate-neurological-claims-in-court/,preserve
/blog/how-neuroradiology-is-reshaping-our-understanding-of-brain/,/blog/how-neuroradiology-is-reshaping-our-understanding-of-brain/,preserve
/blog/neurological-conditions-benefitting-from-neuroradiology-insights/,/blog/neurological-conditions-benefitting-from-neuroradiology-insights/,preserve
/blog/neuroradiology-case-vertebral-artery-dissection/,/blog/neuroradiology-case-vertebral-artery-dissection/,preserve
/blog/neuroradiology-consulting-for-brain-spine-treatment/,/blog/neuroradiology-consulting-for-brain-spine-treatment/,preserve
/blog/team-member/saman-hazany/,/blog/team-member/saman-hazany/,preserve
/blog/the-growing-demand-for-neuroradiology-expert-witnesses-in-courtrooms/,/blog/the-growing-demand-for-neuroradiology-expert-witnesses-in-courtrooms/,preserve
/blog/the-role-of-imaging-in-breakthrough-neurological-research/,/blog/the-role-of-imaging-in-breakthrough-neurological-research/,preserve
/blog/the-role-of-neuroradiology-in-epilepsy-evaluation/,/blog/the-role-of-neuroradiology-in-epilepsy-evaluation/,preserve
/blog/understanding-brain-injury-through-expert-witness-testimony/,/blog/understanding-brain-injury-through-expert-witness-testimony/,preserve
/blog/understanding-the-rise-of-forensic-neurology-in-criminal-justice/,/blog/understanding-the-rise-of-forensic-neurology-in-criminal-justice/,preserve
/blog/what-does-a-neuroradiology-expert-do/,/blog/what-does-a-neuroradiology-expert-do/,preserve
/blog/when-do-attorneys-hire-a-neuroradiologist-expert-witness-for-a-case/,/blog/when-do-attorneys-hire-a-neuroradiologist-expert-witness-for-a-case/,preserve
/blog/why-do-i-need-a-neuroradiologist-to-interpret-my-brain-mri-what-is-inflammatory-cerebral-amyloid-angiopathy/,/blog/why-do-i-need-a-neuroradiologist-to-interpret-my-brain-mri-what-is-inflammatory-cerebral-amyloid-angiopathy/,preserve
/blog/why-do-i-need-a-neuroradiologist-to-interpret-my-spine-mri-images-what-is-piriformis-syndrome/,/blog/why-do-i-need-a-neuroradiologist-to-interpret-my-spine-mri-images-what-is-piriformis-syndrome/,preserve
/blog/why-legal-teams-rely-on-neuroradiology-expert-witnesses-in-trauma-cases/,/blog/why-legal-teams-rely-on-neuroradiology-expert-witnesses-in-trauma-cases/,preserve
/blog/why-neurologists-and-neurosurgeons-rely-on-clinical-neuroradiology-consultants/,/blog/why-neurologists-and-neurosurgeons-rely-on-clinical-neuroradiology-consultants/,preserve
/blog/why-only-neuroradiologists-should-interpret-neuro-imaging/,/blog/why-only-neuroradiologists-should-interpret-neuro-imaging/,preserve
/blog/winning-personal-injury-cases-with-neuroradiology-expertise/,/blog/winning-personal-injury-cases-with-neuroradiology-expertise/,preserve
/contact-us/,/contact-us/,preserve
/frequently-asked-questions/,/frequently-asked-questions/,preserve
/our-services/,/our-services/,preserve
/our-services/clinical-neuroradiology-consulting/,/our-services/clinical-neuroradiology-consulting/,preserve
/our-services/forensic-neurology-services/,/our-services/forensic-neurology-services/,preserve
/our-services/forensic-neuropsychological-services/,/our-services/forensic-neuropsychological-services/,preserve
/our-services/forensic-neuroradiology/,/our-services/forensic-neuroradiology/,preserve
/our-services/radiology-business-consulting/,/our-services/radiology-business-consulting/,preserve
/our-services/research-clinical-trial-consulting/,/our-services/research-clinical-trial-consulting/,preserve
